Rice name,Other name,Rice Type,height(cm),age(days),harvesting_period,suitable_season,region,ecosystem,water_level,yield ( Kg/ 1600Sq.Mts. ),photo_period,disease_resistance,vulnerable_disease,vulnerable_pest,pest_resistance,
กข5,RD5,ข้าวเจ้าไวต่อช่วงแสง,145,140 - 160,ปลายพฤศจิกายน,นาปี,ทุกภาค,ลุ่มน้ำลึกไม่เกิน 50 ซม.,ควบคุมได้,567,เล็กน้อย,"ขอบใบแห้ง,โรคไหม้,โรคใบส้มปานกลาง",โรคใบหงิก โรคคอรวงเน่า โรคใบจุดสีน้ำตาล,เพลี้ยกระโดดสีน้ำตาล,N/A,
กข13,RD13,ข้าวเจ้าไวต่อช่วงแสง,160,N/A,26 กุมภาพันธ์,N/A,N/A,N/A,N/A,450,ปกติ,โรคไหม้,โรคขอบใบแห้ง,N/A,N/A,
กข15,RD15,ข้าวเจ้าไวต่อช่วงแสง,140,N/A,10 พฤศจิกายน,N/A,ตะวันออกเฉียงเหนือ,N/A,N/A,560,ปกติ,ใบจุดสีน้ำตาล,โรคขอบใบแห้ง โรคไหม้,แมลงบั่ว เพลี้ยกระโดดสีน้ำตาล หนอนกอ,N/A,
กข27,RD27,ข้าวเจ้าไวต่อช่วงแสง,160,N/A,10 ธันวาคม,N/A,กลาง,N/A,N/A,600,ปกติ,โรคใบหงิก โรคกาบใบแห้ง รคไหมระยะคอรวง,โรคขอบใบแห้ง โรคสีส้ม,พลี้ยกระโดดสีน้ำตาล,N/A,
กข35,รังสิต 80,ข้าวเจ้าไวต่อช่วงแสง,132,N/A,ปลายเดือนพฤศจิกายนถึงต้นเดือนธันวาคม,N/A,ตะวันออกเฉียงเหนือ,ดินเปรี้ยว,N/A,600,ปกติ,โรคขอบแห้ง,N/A,N/A,N/A,
กข51,RD51,ข้าวเจ้าไวต่อช่วงแสง,155,N/A,16 - 24 ตุลาคม,N/A,ภาคตะวันออกเฉียงเหนือ ภาคเหนือตอนบน,นาน้ำฝนที่มีความเสี่ยงต่อน้ำทวมฉับพลัน,N/A,536,ปกติ,NULL,NULL,เพลี้ยกระโดดสีน้ำตาล,N/A,
กข59,RD59,ข้าวเจ้าไวต่อช่วงแสง,125,N/A,กลางเดือนพฤศจิกายน,N/A,ภาคเหนือตอนล่าง,นาขั้นบันได นาน้ำฝน,N/A,624,เล็กน้อย,N/A,N/A,N/A,N/A,
เก้ารวง 88,Gow Ruang 88,ข้าวเจ้าไวต่อช่วงแสง,140,N/A,21 พฤศจิกายน,N/A,ภาคกลาง,N/A,N/A,420,ปกติ,N/A,โรคไหม้ โรคใบไม้สีส้ม,เพลี้ยกระโดดสีน้ำตาล แมลงบั่ว,เพลี้ยจักจั่นสีเขียว,
ขาวดอกมะลิ 105,Jasmine 105,ข้าวเจ้าไวต่อช่วงแสง,140,N/A,25 พฤศจิกายน,N/A,ภาคตะวันออกเฉียงเหนือ ภาคเหนือตอนบน,N/A,N/A,363,ปกติ,N/A,โรคไหม้ โรคใบสีส้ม โรคขอบใบแห้ง โรคใบหงิก,เพลี้ยกระโดดสีน้ำตาล เพลี้ยจักจั่นสีเขียว หนอนกอ,เพลี้ยจักจั่นสีเขียว,
ขาวตาแห้ง 17,Khao Tah Haeng 17,ข้าวเจ้าไวต่อช่วงแสง,150,N/A,20 ธันวาคม,N/A,ภาคกลาง ภาคเหนือตอนล่าง,พื้นที่ลุ่ม,N/A,473,ปกติ,N/A,โรคไหม้ โรคใบสีส้ม โรคขอบใบแห้ง โรคใบหงิก,เพลี้ยกระโดดสีน้ำตาล เพลี้ยจักจั่นสีเขียว หนอนกอ,แมลงบั่ว,
ขาวปากหม้อ 148,Khao Pahk Maw 148,ข้าวเจ้าไวต่อช่วงแสง,140,N/A,3 ธันวาคม,N/A,ภาคกลาง ภาคตะวันออกเฉียงเหนือ,พื้นที่ลุ่ม,N/A,415,ปกติ,N/A,โรคใบสีส้ม โรคขอบใบแห้ง โรคใบหงิก,เพลี้ยกระโดดสีน้ำตาล,N/A,
ข้าวเจ้าหอมพิษณุโลก 1,Khao Jow Hawm Phitsanulok 1,ข้าวเจ้าไวต่อช่วงแสง,160,N/A,25 พฤศจิกายน,N/A,ภาคเหนือตอนล่าง ภาคกลาง,N/A,N/A,579,ปกติ,โรคไหม้ โรคขอบใบแห้ง โรคใยหงิก,โรคใบสีส้ม,เพลี้ยกระโดดสีน้ำตาล เพลี้ยจักจั่นสีเขียว,N/A,
เฉี้ยงพัทลุง,Chiang Phatthalung,ข้าวเจ้าไวต่อช่วงแสง,150,N/A,กลางเดือนมกราคา,N/A,ภาคใต้,นาดอน นาลุ่ม,N/A,470,ปกติ,NULL,โรคไหม้,N/A,N/A,
ชุมแพ 60,Chumpae 60,ข้าวเจ้าไวต่อช่วงแสง,160-180,N/A,27 พฤศจิกายน,N/A,ภาคตะวันออกเฉียงเหนือ,นาน้ำฝน,N/A,564,ปกติ,NULL,โรคไหม้ โรคขอบใบแห้ง,N/A,เพลี้ยกระโดดสีน้ำตาล เพลี้ยจักจั่นสีเขียว เพลี้ยกระโดดหลังขาว,
นางพญา 132,Queen 132,ข้าวเจ้าไวต่อช่วงแสง,175,N/A,16 กุมภาพันธ์,NULL,ภาคใต้,ที่ลุ่ม,N/A,486,ปกติ,โรคใบจุดสีน้ำตาล โรคใบสีส้ม,โรคไหม้ โรคใบหงิก,เพลี้ยกระโดดสีน้ำตาล หนอนกอ,เพลี้ยจักจั่นสีเขียว,
นางมล เอส-4,Ms.Mon S-4,ข้าวเจ้าไวต่อช่วงแสง,140,N/A,26 พฤศจิกายน,N/A,ภาคกลาง,N/A,ไม่เกิน 1 เมตร,436,ปกติ,N/A,โรคไหม้ โคใบสีส้ม โรคใบขอบใบแห้ง,เพลี้ยกระโดดสีน้ำตาล,N/A,
น้ำสะกุย 19,Sagui Water 19,ข้าวเจ้าไวต่อช่วงแสง,143,N/A,4 พฤศจิกายน,N/A,ภาคตะวันออกเฉียงเหนือ,พื้นที่ฝนหมดเร็ว,N/A,499,ปกติ,N/A,โรคไหม้ โรคจุดสีน้ำตาล โรคใบขอบแห้ง โรคใบสีส้ม,แมลงบั่ว,N/A,
เผือกน้ำ 43,Water Taro 43,ข้าวเจ้าไวต่อช่วงแสง,N/A,9,N/A,N/A,N/A,N/A,N/A,N/A,N/A,N/A,N/A,N/A,N/A,
ปทุมธานี 60,Pathum Thani 60,ข้าวเจ้าไวต่อช่วงแสง,159,N/A,25 พฤศจิกายน,N/A,ภาคกลาง ภาคตะวันออก ภาคตะวันตก,N/A,N/A,517,ปกติ,โรคกาบใบเน่า โรคใบหงิก,โรคไหม้ โรคใบสีส้ม โรคขอบใบแห้ง,เพลี้ยกระโดดสีน้ำตาล หนอนกอ,NULL,
พวงไร่ 2,Puang Rai 2,ข้าวเจ้าไวต่อช่วงแสง,170,N/A,6 กุมภาพันธ์,N/A,ใต้,ที่ลุ่ม,N/A,437,ปกติ,โรคใบจุดสีน้ำตาล,-,เพลี้ยกระโดดสีน้ำตาล แมลงบั่ว,เพลี้ยจักจั่นสีเขียว,
พัทลุง 60,Phattaling 60,ข้าวเจ้าไวต่อช่วงแสง,156,N/A,6-13 มกราคม,N/A,N/A,N/A,N/A,N/A,ปกติ,N/A,N/A,N/A,NULL,
พิษณุโลก 3,Phitsanulok 3,ข้าวเจ้าไวต่อช่วงแสง,167,N/A,1-10 ธันวาคม,N/A,ภาคเหนือตอนล่าง,ที่ลุ่ม,N/A,604,ปกติ,โรคไหม้,โรคขอบใบแห้ง,แมลงบั่ว เพลี้ยกระโดดสีน้ำตาล,N/A,
พิษณุโลก 60-1,Phitsanulok 60-1,ข้าวเจ้าไวต่อช่วงแสง,140-160,N/A,30 พฤศจิกายน - 15 ธันวาคม,N/A,ภาคกลาง,N/A,ไม่เกิน 75 ซม,550,ปกติ,โรคใบแห้ง โรคใบหงิก โรคกาบใบเน่า,โรคไหม้ โรคใบสีส้ม,N/A,แมลงบั่ว,
พิษณุโลก 80,Phitsanulok 80,ข้าวเจ้าไวต่อช่วงแสง,N/A,N/A,ต้นเดือนธันวาคม,N/A,เหนือตอนล่าง,ที่ลุ่มในเขตนาน้ำฝน,N/A,637,ปกติ,- ,โรคไหม้ โรคขอบใบแห้ง,เพลี้ยกระโดดสีน้ำตาล,N/A,
ลูกแดงปัตตานี,Look Daeng Pattani,ข้าวเจ้าไวต่อช่วงแสง,160,N/A,มกราคม - กุมภาพันธ์,N/A,ภาคใต้,ที่นาดินเปรี้ยว ดินเค็ม,N/A,418,ปกติ,โรคไหม้,โรคขอบใบแห้ง,เพลี้ยกระโดดสีน้ำตาล แมลงบั่ว,N/A,
เล็บนกปัตตานี,Leb Nok Pattani,ข้าวเจ้าไวต่อช่วงแสง,170,N/A,กุมภาพันธ์,N/A,ภาคใต้,ที่นาลุ่ม น้ำแห้งช้า,N/A,480,ปกติ,- ,โรคไหม้,N/A,N/A,
หอมกระดังงา 59,PTNC09002-59,ข้าวเจ้าไวต่อช่วงแสง,159,N/A,กลางเดือนมีนาคม,N/A,ภาคใต้,สวนนาน้ำฝน,N/A,390,ปกติ,N/A,N/A,N/A,N/A,
เหลืองใหญ่ 148,Leuang Yai 148,ข้าวเจ้าไวต่อช่วงแสง,160,N/A,25 พฤศจิกายน,N/A,ภาคเหนือ,N/A,N/A,548,ปกติ,โรคใบจุดสีน้ำตาล โรคชอบใบแห้ง,โรคไหม้ โรคใบสีส้ม,เพลี้ยกระโดดสีน้ำตาล แมลงบั่ว,N/A,
เข็มทองพัทลุง,Khem Tawng Phatthalung,ข้าวเจ้าไวต่อช่วงแสง,173,N/A,14 กุมภาพันธ์,N/A,N/A,ที่ลุุ่มน้ำ,N/A,529,ปกติ,โรคขอบใบแห้ง,โรคไหม้,N/A,N/A,
ข้าวหลวงสันป่าดอง,Khao Luang San-pah-twang,ข้าวเจ้าไวต่อช่วงแสง,N/A,N/A,15-17 พฤศจิกายน,N/A,N/A,นาที่สูงไม่เกิน 1000 ม. เหนือระดับน้ำทะเล,N/A,582,ปกติ,N/A,N/A,แมลงบั่ว,N/A,
แก่นจันทร์,Gaen Jan,ข้าวเจ้าไวต่อช่วงแสง,165,N/A,ปลายเดือนมกราคมถึงเดือนกุมภาพันธ์,N/A,ภาคใต้,นาน้ำ,N/A,660,ปกติ,โรคใบหงิก โรคใบขีดสีน้ำตาล,N/A,เพลี้ยกระโดดสีน้ำตาล,เพลี้ยจักจั่นสีเขียว,
เจ๊กเฉย 1,PTTC02019-1,ข้าวเจ้าไวต่อช่วงแสง,160-170,N/A,10 ธันวาคม,N/A,ภาคกลาง,พื้นที่มีความเสี่ยงเรื่องน้ำท่วม,N/A,812,ปกติ,N/A,โรคไหม้ โรคขอบใบแห้ง,เพลี้ยกระโดดสีน้ำตาล,N/A,
ขาวกอเดียว 35,Khao Gaw Diaw 35,ข้าวเจ้าไวต่อช่วงแสง,190,N/A,ต้นเดือนธันวาคม,N/A,ภาคเหนือตอนล่าง,ที่ี่ลุ่มน้ำลึก,N/A,500,ปกติ,N/A,โรคไหม้ โรคขอบใบแห้ง,เพลี้ยกระโดดสีน้ำตาล,N/A,
ช่อลุง 97,Cho Lung 97,ข้าวเจ้าไวต่อช่วงแสง,197,N/A,N/A,นาปี,ภาคใต้,สวนนาน้ำฝน,N/A,564,ปกติ,N/A,โรคไหม้,เพลี้ยกระโดดสีน้ำตาล,N/A,
ไข่มดรื้น 3,Khai Mod Rin 3,ข้าวเจ้าไวต่อช่วงแสง,176,N/A,N/A,N/A,ภาคใต้,ที่ลุ่ม,N/A,436,ปกติ,N/A,โรคไหม้,N/A,N/A,
กข6,RD6,ข้าวเหนียวไวต่อช่วงแสง,154,N/A,N/A,N/A,ภาคเหนือ ภาคตะวันออกเฉียงเหนือ,N/A,N/A,666,ปกติ,N/A,โรคขอบใบแห้ง โรคไหม้,เพลี้ยกระโดดสีน้ำตาล แมลงบั่ว,N/A,
กข8,RD8,ข้าวเหนียวไวต่อช่วงแสง,150,N/A,23 พฤษจิกายน,N/A,ภาคตะวันออกเฉียงเหนือ,ที่ลุ่ม,N/A,585,ปกติ,โรคใบจุดสีน้ำตาล,โรคขอบใบแห้ง,เพลี้ยกระโดดสีน้ำตาล แมลงบั่ว,N/A,
กข12,Nongkai 80,ข้าวเหนียวไวต่อช่วงแสง,N/A,N/A,10-15 พฤษจิกายน,N/A,ภาคตะวันออกเฉียงเหนือ,นาน้ำฝน,N/A,422-522,ปกติ,โรคไหม้,โรคขอบใบแห้ง,เพลี้ยกระโดดสีน้ำตาล,N/A,
กข16,RD16,ข้าวเหนียวไวต่อช่วงแสง,133-149,N/A,N/A,N/A,ภาคเหนือตอนบน,นาน้ำฝน ปลูกพืชหลังทำนา,N/A,633,ไว,โรคไหม้,โรคขอบใบแห้ง,แมลงบั่ว เพลี้ยกระโดดสีน้ำตาล และเพลี้ยกระโดดหลังขาว,N/A,
กข18,RD18,ข้าวเหนียวไวต่อช่วงแสง,158,N/A,21 ตุลาคม,N/A,ภาคอีสาน ภาคเหนือตอนบน,นาน้ำฝน โรคไหม้ระบาด,N/A,609,ไว,โรคไหม้้,N/A,N/A,N/A,
กข20,RD20,ข้าวเหนียวไวต่อช่วงแสง,142,N/A,30 กันยายน,N/A,ภาคอีสาน,นาน้ำฝน นาตอน,N/A,498,ไว,โรคไหม้,N/A,N/A,N/A,
กำผาย 15,Gam Pai 15,ข้าวเหนียวไวต่อช่วงแสง,168,N/A,30 พฤษจิกายน,N/A,ภาคเหนือ,ลุ่ม,N/A,569,ไว,โรคไหม้ โรคใบสีส้มปานกลาง,โรคขอบใบแห้ง,แมลงบั่ว เพลี้ยกระโดดสีน้ำตาล,NULL,
หางยี 71,Hahng Yu 71,ข้าวเหนียวไวต่อช่วงแสง,152,N/A,4 พฤษจิกายน,นาปี,ภาคอีสาน,สภาพตอนที่น้ำหมดเร็ว,N/A,506,ไว,โรคไหม้ โรคใบจุดสีน้ำตาล,โรคขอบใบแห้ง โรคใบสีส้ม,เพลี้ยกระโดดสีน้ำตาล แมลงบั่ว,NULL,
เหมยนอง 62 เอ็ม,Muey Nawng 62M,ข้าวเหนียวไวต่อช่วงแสง,150,N/A,20 พฤษจิกายน,N/A,ภาคเหนือตอนบน,แมลงบั่วระบาด,N/A,540,ไว,โรคใบจุดสีน้ำตาล โรคต่อต้านใบสีส้ม,โรคไหม้ โรคขอบใบแห้ง,เพลี้ยกระโดดสีน้ำตาล,แมลงบั่ว,
เหนียวดำหมอ 37,Niaw Dam Mor37,ข้าวเหนียวไวต่อช่วงแสง,139,N/A,N/A,ฝน นาปี,ภาคใต้,นาสวน,N/A,378,ไว,NULL,NULL,N/A,NULL,
เหนียวเขี้ยวงู 8974,Niaw Kiaw Ngoo 8974,ข้าวเหนียวไวต่อช่วงแสง,N/A,N/A,N/A,N/A,ภาคเหนือตอนบน,ไม่ดอน ไม่ฝนหมดเร็ว,N/A,371-484,ไว,โรคไหม้และค่อนข้างต้านทานโรคขอบใบแห้ง,NULL,เพลี้ยกระโดดหลังขาว,NULL,
เหนียวสันป่าดอง,Niaw San-pah-tawng,ข้าวเหนียวไวต่อช่วงแสง,150,N/A,26 พฤษจิกายน,N/A,ภาคเหนือตอนบน ภาคอีสาน,N/A,N/A,526,ไว,โรคใบจุดสีน้ำตาล และค่อนข้างต้านทานโรคไหม้,โรคขอบใบแห้ง โรคใบสีีส้ม,เพลี้ยกระโดดสีน้ำตาล แมลงบั่ว,NULL,
เหนียวอุบล 1,Niaw Ubon 1,ข้าวเหนียวไวต่อช่วงแสง,145,N/A,กลาง พฤษจิกายน,N/A,ภาคอีสาน,N/A,N/A,660,ไว,โรคใบสีส้ม ในสภาพธรรมชาติ,โรคไหม้,N/A,NULL,
เหนียวอุุบล 2,Niaw Ubon 2,ข้าวเหนียวไวต่อช่วงแสง,118,N/A,15 พฤษฺจิกายน,N/A,ภาคอีสาน,ดินเค็ม,N/A,463,ไว,โรคไหม้,โรคขอบใบแห้ง,เพลี้ยกระโดดสีน้ำตาล,-,
เหลืองประทิว 123,Leuang Pratew 123,ข้าวเหนียวไวต่อช่วงแสง,150,N/A,19 ธันวาคม,N/A,ภาคกลาง,N/A,N/A,414,ไว,โรคขอบใบแห้้ง โรคใบหงิก,โรคไหม้ โรคใบสีส้ม โรคเขียวเตี้ย,เพลี้ยกระโดดสีน้ำตาล เพลี้ยจักจั่นสีเขียว หนอนกอ,,
เหนียวดำช่อไม้ไผ่,PTNC96004-49,ข้าวเหนียวไวต่อช่วงแสง,135,N/A,ปลายเดือนมกราคม,N/A,ภาคใต้,นาดอน สภาพไร่,N/A,N/A,ไว,N/A,โรคไหม้ โรคขอบใบแห้ง,N/A,N/A,
กข1,RD1,ข้าวเจ้าไม่ไวต่อช่วงแสง,115,130,N/A,N/A,ทุกภาค,เขตชลประทาน,N/A,742,ไม่,โรคใบจุดสีน้ำตาล,โรคขอบใบแห้ง โรคใบหงิก โรคใบขีดสีน้ำตาล โรคไหม้,เพลี้ยกระโดดสีน้ำตาล เพลี้ยจักจั่นสีเขียว หนอนกอ แมลงบั่ว,N/A,
กข3,RD3,ข้าวเจ้าไม่ไวต่อช่วงแสง,103,128,N/A,N/A,ทุกภาค,เขตชลประทาน ดินไม่สมบูรณ์,N/A,667,ไม่่,N/A,โรคขอบใบแห้ง โรคใบหงิก โรคใบขีดสีน้ำตาล โรคไหม้,เพลี้ยกระโดดสีน้ำตาล เพลี้ยจักจั่นสีเขียว หนอนกอ แมลงบั่ว,เพลี้ยจักจั่นสีเขยว,
กข7,RD7,ข้าวเจ้าไม่ไวต่อช่วงแสง,115,125,N/A,N/A,ภาคกลาง ภาคใต้,เขตชลประทาน ทนดินเปรี้ยว ไม่ทนหนาว ไม่ควรปลูกภาคเหนือ ภาคอีสาน,N/A,672,ไม่,โรคขอบใบแห้ง โรคใบสีส้มปานกลาง,โรคใบหงิก โรคไหม้,เพลี้ยกระโดดสีน้ำตาล เพลี้ยจักจั่นสีเขียว แมลงบั่ว,เพลี้ยจักจั่นสีเขยว,
กข9,RD9,ข้าวเจ้าไม่ไวต่อช่วงแสง,102,115-125,N/A,N/A,ทุกภาค,เขตชลประทาน,N/A,657,ไม่,โรคใบหงิก,โรคใบขอบแห้ง โรคเมล็ด โรคใบไหม้,เพลี้ยพระโดดสีน้ำตาล เพลี้ยจักจั่นสีเขียว แมลงบั่ว,N/A,
กข11,RD11,ข้าวเจ้าไม่ไวต่อช่วงแสง,115,135,N/A,N/A,ทุกภาค,เขตชลประทาน,N/A,700,ไม่,โรคไหม้ โรคใบจุุดสีน้ำตาล,โรคใบขอบแห้้ง โรคใบหงิก โรคใบขีดสีน้ำตาล โรคใบสีส้ม โรคใบขีดโปร่งแสง,เพลี้ยกระโดดสีน้ำตาล เพลี้ยจักจั่นสีเขียว หนอนกอ แมลงบั่ั่ว,N/A,
กข21,RD21,ข้าวเจ้าไม่ไวต่อช่วงแสง,100-125,120-130,N/A,N/A,ทุกภาค,เขตชลประทาน,N/A,700,N/A,โรคใบหงิก โรคใบแห้ง,โรคใบสีส้ม โรคกาบใบแห้ง โรคไหม้,หนอนกอ,N/A,
กข23,RD23,ข้าวเจ้าไม่ไวต่อช่วงแสง,115-120,125,N/A,N/A,ทุกภาค,ชลประทาน,N/A,800,N/A,โรคใบแห้ง โรคใบหงิก,โรคใบสีส้ม โรคไหม้,N/A,N/A,
กข25,RD25,ข้าวเจ้าไม่ไวต่อช่วงแสง,100,90-100,N/A,N/A,ทุกภาค,ชลประทาน พื้นที่น้ำเค็มให้ปลูกนาปรัง,N/A,N/A,ไม่,โรคขอบใบแห้ง และโรคใบหงิก,โรคใบสีส้ม โรคไหม้,N/A,เพลี้ยกระโดดสีน้ำตาล และค่อนข้างต้านทานหนอนกอ,
กข29,ชัยนาท80,ข้าวเจ้าไม่ไวต่อช่วงแสง,N/A,N/A,99 วัน ปรัง 103 วัน ปี,สิงหาคม ธันวาคม เมษายน,ภาคเหนือตอนล่าง ภาคกลางตอนบน,ชลประทาน หลังน้ำท่วม,N/A,876,ไม่,โรคขอบใบแห้ง,N/A,N/A,เพลี้ยกระโดดสีน้ำตาล,
กข31,ปทุมธานี 80,ข้าวเจ้าไม่ไวต่อช่วงแสง,N/A,N/A,111วัน หว่าน 118วันดำ,N/A,ภาคกลาง,ชลประทาน,N/A,745 หว่าน 738 ดำ,ไม่,โรคขอบใบแห้ง โรคใบจุดสีน้ำตาล และโรคเมล็ดด่าง,โรคไหม้ โรคใบหงิก และโรคใบสีส้ม,N/A,เพลี้ยกระโดดสีน้ำตาล เพลี้ยกระโดดหลังขาว,
กข33,หอมอุบล 80,ข้าวเจ้าไม่ไวต่อช่วงแสง,N/A,130,N/A,ฝน,ภาคตะวันออกเฉียงเหนือ ภาคเหนือตอนบน,ฝน,N/A,493,ไม่,โรคไหม้โดยเฉพาะเชื้อราสาเหตุโรคไหม้ (Pyricularia grisea Sacc.),โรคขอบใบแห้ง,เพลี้ยกระโดดสีน้ำตาล,N/A,
กข37,RD37,,105,N/A,118วัน ดำ 108วัน หว่าน,N/A,ภาคใต้,ลุ่มน้ำปากพนัง ลุ่มทะเลสาบสงขลา,N/A,602,ไม่,โรคไหม้ โรคขอบใบแห้ง,-,เพลี้ยกระโดดสีน้ำตาล,เพลี้ยกระโดดหลังขาว,
กข39,RD39,,95-116,125-130,N/A,N/A,ภาคเหนือตอนบน,สูง600-900 จากทะเลปานกลาง เขตชลประทาน หรือแหล่งน้ำเหมาะสม,N/A,557กก/ไร่,ไม่,โรคไหม้ โรคขอบใบแห้ง,-,แมลงบั่ว เพลี้ยกระโดดหลังขาว และเพลี้ยกระโดดสีน้ำตาล,-,
กข41,RD41,ข้าวเจ้าไม่ไวต่อช่วงแสง,104,105,N/A,N/A,ภาคเหนือตอนล่าง,ชลประทาน,N/A,722 กก/ไร่,ไม่,-,โรคขอบใบแห้ง,เพลี้ยกระโดดสีน้ำตาล,-,
กข43,RD43,ข้าวเจ้าไม่ไวต่อช่วงแสง,103,95,N/A,N/A,ทุกภาค,ชลประทาน,N/A,561 กก/ไร่,ไม่,โรคไหม้,-,N/A,เพลี้ยกระโดดสีน้ำตาล,
กข47,RD47,ข้าวเจ้าไม่ไวต่อช่วงแสง,90-100,N/A,104-107 วัน หว่าน 112  วัน,ปลายกันยายน ถึง พฤศจิกายน,ภาคเหนือตอนล่าง,ชลประทาน,N/A,793,ไม่่,โรคไหม้,โรคขอบใบแห้้ง,เพลี้ยกระโดดสีน้ำตาล,N/A,
กข49,RD49,ข้าวเจ้าไม่ไวต่อช่วงแสง,60-89,N/A,102-107 วัน,N/A,ทุกภาค,ขลประทาน,N/A,733,ไม่,โรคไหม้,N/A,N/A,เพลี้ยกระโดสีน้ำตาล,
กข53,RD53,ข้าวเจ้าไม่ไวต่อช่วงแสง,123,N/A,133 วัน,ปี ปรัง,ภาคเหนือตอนบน,ชลประทาน,N/A,999,ไม่,N/A,N/A,N/A,แมลงบั่ว,
กข55,RD55,ข้าวเจ้าไม่ไวต่อช่วงแสง,91,N/A ,117วัน fe 104วัน หว่าน,N/A,ภาคใต้,ชลประทาน ในเขตลุ่มน้ำปากพนังและลุ่มน้ำทะเลสาบสงขลา,N/A,531,ไม่,โรคไหม้และโรคขอบใบแห้ง,N/A,เพลี้ยกระโดดสีน้ำตาล,N/A,
กข57,RD57,ข้าวเจ้าไม่ไวต่อช่วงแสง,115-120,NULL,107-110วัน หว่าน 117-120วัน ดำ,N/A,ทุกภาค,ชลประทาน,N/A,714,ไม่,NULL,NULL,N/A,NULL,
กข61,RD61,ข้าวเจ้าไม่ไวต่อช่วงแสง,80,N/A,87 ปี 96 ปรัง,N/A,ภาคเหนือตอนล่าง ภาคกลาง,น้ำท่วมซ้ำซาก ระบบชลประทานไม่สมบูรณ์,N/A,1004,ไม่,NULL,NULL,N/A,เพลี้ยกระโดดสีน้ำตาล เพลี้ยกระโดดหลังขาว,
กข63,RD63,ข้าวเจ้าไม่ไวต่อช่วงแสง,N/A,116-120,N/A,N/A,ภาคเหนือตอนล่าง ภาคกลาง ภาคอีสาน,ชลประทาน,N/A,667,N/A,N/A,N/A,N/A,เพลี้ยกระโดดสีน้ำตาล,
ข้าวเจ้าหอมคลองหลวง 1,Khao’ Jow Hawm Khlong Luang 1,ข้าวเจ้าไม่ไวต่อช่วงแสง,110,118 ปรัง 125 ปี,N/A,N/A,ภาคกลาง,N/A,N/A,650 ปี 591 ปรัง,N/A,โรคไหม้ โรคขอบใบแห้ง,N/A,เพลี้ยกระโดดสีน้ำตาล เพลี้ยจักจั่นสีเขียว,เพลี้ี้ยกระโดดหลังขาว,
ข้าวเจ้าหอมสุพรรณบุรี,Khao´ Jow Hawm Suphan Buri,ข้าวเจ้าไม่ไวต่อช่วงแสง,120,N/A,120,N/A,ภาคกลาง,ชลประทาน สุพรรณบุรี อ่างทอง กาญจนบุรี,N/A,582 ปี 673 ปรัง,N/A,โรคขอบใบแห้ง,โรคไหม้,เพลี้ี้ยกระโดดสีน้ำตาล,เพลี้ยกระโดดหลังขาว,
ชัยนาท 1,Chai nat1,ข้าวเจ้าไม่ไวต่อช่วงแสง,113,N/A,121-130,N/A,ทุกภาค,ชลประทาน,N/A,740,N/A,โรคใบหงิก โรคไหม้,โรคใบสีส้ม โรคขอบใบแห้ง โรคใบขีดโปร่ง,N/A,เพลี้ยกระโดดสีน้ำตาล เพลี้ยกระโดดหลังขาว,
ชัยนาท 2,Chai nat 2,ข้าวเจ้าไม่ไวต่อช่วงแสง,83-95,N/A,103-105,N/A,ภาคเหนือล่าง,น้ำท่วมเร็วในฤดูฝน,N/A,657,N/A,N/A,โรคใบสีส้้ม โรคขอบใบแห้ง โรคไหม้,แมลงบั่ว,เพลี้ยกระโดดสีน้ำตาล,
ปทุมธานี 1,Pathum Thani 1,ข้าวเจ้าไม่ไวต่อช่วงแสง,104-133,N/A,104-126,N/A,ภาคกลาง,ชลประทาน,N/A,650-774,N/A,N/A,โรคใบหงิก โรคใบสีส้ม,เพลี้ยจักจั่นสีเขียว,เพลี้ยกระโดดสีน้ำตาล เพลี้ยกระโดดหลังขาว,
บางแตน,Bang Taen,ข้าวเจ้าไม่ไวต่อช่วงแสง,110,N/A,90-95วัน พย-มีค 110-115วัน พค-สค,พย-มีค พค-สค,ภาคตะวันออก,นาน้ำลึก มีชลประทาน,N/A,705 กก/ไร่,ไม่,โรคไหม้,โรคกาบใบแห้ง และโรคไหม้คอรวง,เพลี้ยกระโดดสีน้ำตาล,เพลี้ยกระโดดสีน้ำตาล และเพลี้ยจักจั่นสีเขียว,
พัทลุง,Patthalung,ข้าวเจ้าไม่ไวต่อช่วงแสง,104,N/A,112วัน ดำ 103วันหว่าน,พย-ธค,ภาคใต้,ลุ่มน้ำปากพนัง,N/A,714 กก/ไร่,ไม่,-,-,เพลี้ยกระโดดสีน้ำตาล,-,
พิษณุโลก 2,Phitsanulok 2,ข้าวเจ้าไม่ไวต่อช่วงแสง,114,119-121,N/A,N/A,ทุกภาค,ชลประทาน,N/A,807กก/ไร่,ไม่,-,โรคไหม้ และโรคใบหงิก,แมลงบั่ว, เพลี้ยกระโดดสีน้ำตาล เพลี้ยกระโดดหลังขาว และเพลี้ยจักจั่นสีเขียว,
พิษณุโลก 60-2,Phitsanulok 60-2,ข้าวเจ้าไม่ไวต่อช่วงแสง,120-130,130-140,N/A,N/A,ภาคกลาง ภาคเหนือ,ชลประทาน,N/A,700-780กก/ไร่,ไม่,โรคกาบใบเน่า และค่อนข้างdisease_resistanceไหม้ และโรคขอบใบแห้ง,โรคกาบใบแห้ง,ไส้เดือนฝอย,เพลี้ยกระโดดสีน้ำตาล,
สุพรรณบุรี 1,Suphan Buri 1,ข้าวเจ้าไม่ไวต่อช่วงแสง,125,120,N/A,N/A,ทุกภาค,ชลประทาน,N/A,806,ไม่่,โรคไหม้ โรคขอบใบแห้ง และdisease_resistanceใบหงิก และโรคใบสีส้ม ในสภาพธรรมชาติ,โรคเมล็ดด่าง โรคใบขีดสีน้ำตาล,N/A,เพลี้ยกระโดดสีน้ำตาล และเพลี้ยกระโดดหลังขาว,
สุพรรณบุรี 2,Suphan Buri 2,ข้าวเจ้าไม่ไวต่อช่วงแสง,122,NULL,115,N/A,ภาคกลาง ภาคตะวันออก ภาคตะวันตก,ชลประทาน,N/A,700,N/A,โรคไหม้ และโรคขอบใบแห้ง ทนทานต่อโรคใบหงิก และ โรคใบสีส้ม ในสภาพธรรมชาติ,ใบขีดสีน้ำตาลระยะออกรวง และโรคกาบใบเน่า,N/A,เพลี้ยกระโดดสีน้ำตาล,
สุพรรณบุรี 3,Suphan Buri 3,ข้าวเจ้าไม่ไวต่อช่วงแสง,114,NULL,155-120,NULL,ภาคกลาง,นาต่อเนื่อง ชลประทาน,N/A,772,ไม่,โรคไหม้และโรคขอบใบแห้ง,โรคใบสีส้ม และโรคใบจุดสีน้ำตาลในสภาพธรรมชาติ,N/A,เพลี้ยกระโดดสีน้ำตา,
สุพรรณบุรี 60,Suphan Buri 60,ข้าวเจ้าไม่ไวต่อช่วงแสง,133,NULL,120-122,N/A,ภาคกลาง ภาคตะวันออก ภาคตะวันตก,ชลประทาน,N/A,700,ไม่,โรคใบสีส้ม และโรคไหม้,โรคใบจุดสีน้ำตาล และโรคกาบใบแห้ง,N/A,เพลี้ยกระโดดสีน้ำตาล เพลี้ยจักจั่นสีเขียว,
สุพรรณบุรี 90,Suphan Buri 90,ข้าวเจ้าไม่ไวต่อช่วงแสง,122,NULL,120,N/A,ภาคกลาง,แหล่งที่มีการระบาดของ เพลี้ยกระโดดสีน้ำตาล โรคใบหงิก โรคใบสีส้ม และโรคไหม้,N/A,600,ไม่,โรคไหม้ โรคขอบใบแห้ง และค้านทานโรคใบหงิก และโรค ใบสีส้ม ในสภาพธรรมชาติ,โรคใบขีดสีน้ำตาล,N/A,เพลี้ยกระโดดสีน้ำตาล และเพลี้ยจักจั่นสีเขียว,
สุรินทร์ 1,Surin 1,ข้าวเจ้าไม่ไวต่อช่วงแสง,122,NULL,138,นาปี,ภาคตะวันออกเฉียงเหนือ,ดืนเค็ม แห้งแล้ง,N/A,718,ไม่,โรคไหม้ และโรคขอบใบแห้ง,NULL,เพลี้ยกระโดดสีน้ำตาล,NULL,
กข2,RD2,ข้าวเหนียวไม่ไวต่อแสง,115,NULL,130,N/A,ทุกภาค,ชลประทาน ไม่หนาว ดินเค็ม,N/A,766,ไม่,โรคใบจุดสีน้ำตาล โรคใบสีส้ม,โรคขอบใบแห้ง และโรคไหม้,เพลี้ยกระโดดสีน้ำตาล และแมลงบั่ว,เพลี้ยจักจั่นสีเขียว,
กข4,RD4,ข้าวเหนียวไม่ไวต่อแสง,115,NULL,127,N/A,ภาคเหนือตอนบน ภาคตะวันออกเฉียงเหนือ,แมลงบั่วระบาด,N/A,573,ไม่,NULL,โรคไหม้ โรคขอบใบแห้ง,N/A,แมลงบั่ว เพลี้ยกระโดดสีน้ำตาล เพลี้ยจักจั่นสีเขียว,
กข10,RD10,ข้าวเหนียวไม่ไวต่อแสง,NULL,NULL,NULL,NULL,N/A,NULL,NULL,NULL,NULL,NULL,NULL,NULL,NULL,
กข14,RD14,ข้าวเหนียวไม่ไวต่อแสง,102-120,N/A,134-138,นาปี นาปรัง,ภาคเหนือ,ชลประทาน แหล่งน้ำเหมาะสม,N/A,666,ไม่,โรคไหม้ ขอบใบแห้งในภาคเหนือตอนบน,-,แมลงบั่ว เพลี้ยกระโดดสีน้ำตาล เพลี้ยกระโดดหลังขาว,-,
กข-แม่โจ้ 2,RD-MAEJO2,ข้าวเหนียวไม่ไวต่อแสง,N/A,NULL,135,นาปี,ภาคเหนือตอนบน,N/A,N/A,865,ไม่,NULL,NULL,N/A,NULL,
แพร่ 1,Phrae 1,ข้าวเหนียวไม่ไวต่อแสง,120,NULL,130,N/A,ภาคเหนือตอนบน ภาคตะวันออกเฉียงเหนือ,N/A,N/A,685,N/A,โรคขอบใบแห้ง และโรคใบหงิก,NULL,เพลี้ยกระโดดหลังขาว แมลงบั่ว,เพลี้ยกระโดดสีน้ำตาล,
สกลนคร,Sakon Nakhon,ข้าวเหนียวไม่ไวต่อแสง,123-146,NULL,128,N/A,ภาคตะวันออกเฉียงเหนือ,นาดอน นาชลประทาน สภาพไร่,N/A,467,ไม่,NULL,โรคไหม้ โรคขอบใบแห้ง,เพลี้ยกระโดดสีน้ำตาล,NULL,
สันป่าตอง 1,San-Pah-Tawng 1,ข้าวเหนียวไม่ไวต่อแสง,119,NULL,130-135,นาปี,ภาคเหนือตอนบน ภาคตะวันออกเฉียงเหนือ,ชลประทาน,N/A,630,ไม่,โรคไหม้และโรคขอบใบแห้ง,โรคใบสีส้ม,แมลงบั่ว,NULL,
ตะเภาแก้ว 161,Tapow Gaew 161,ข้าวขึ้นน้ำไวต่อช่วงแสง,N/A,N/A,N/A,N/A,N/A,N/A,200cm,350,ไวต่อแสง,โรคใบจุดสีน้ำตาล,โรคขอบใบแห้ง โรคไหม้ โรคใบสีส้ม และโรคใบหงิก,เพลี้ยกระโดดสีน้ำตาลและแมลงบั่ว,N/A,
นางฉลอง,Nahng Cha-Lawng,ข้าวขึ้นน้ำไวต่อช่วงแสง,N/A,N/A,30 พฤศจิกายน,N/A,ภาคกลาง,พื้นที่ข้าวขึ้นน้ำ,150cm,394,ไวต่อแสง,โรคไหม้ และโรคใบจุดสีน้ำตาล,โรคขอบใบแห้ง และโรคใบสีส้ม,เพลี้ยกระโดดสีน้ำตาล และแมลงบั่ว,N/A,
ปิ่นแก้ว 56,Pin Gaew 56,ข้าวขึ้นน้ำไวต่อช่วงแสง,N/A,N/A,29 ธันวาคม,N/A,ภาคกลาง,พื้นที่ข้าวขึ้นน้ำ,500cm,326,ไวต่อแสง,N/A,โรคขอบใบแห้ง โรคไหม้ โรคใบสีส้ม โรคกาบใบเน่า โรคใบหงิก,เพลี้ยกระโดดสีน้ำตาล เพลิ้ยจักจั่นสีเขียว หนอนกอ และแมลงบั่ว,N/A,
พลายงามปราจีนบุรี,Plai Ngahm Prachin Buri,ข้าวขึ้นน้ำไวต่อช่วงแสง,240,N/A,25 ธันวาคม,N/A,ภาคกลาง ภาคเหนือตอนล่าง,พื้นที่ราบลุ่ม,100-500cm,380,ไวต่อแสง,โรคไหม้,โรคใบหงิก โรคใบสีส้ม,เพลี้ยกระโดดสีน้ำตาล และเพลี้ยจักจั่นสีเขียว,N/A,
เล็บมือนาง 111,Leb Meu Nahng 111,ข้าวขึ้นน้ำไวต่อช่วงแสง,N/A,N/A,19 ธันวาคม,N/A,ภาคกลาง,พื้นที่ข้าวขึ้นน้ำ,400cm,328,ไวต่อแสง,ใบจุดสีน้ำตาล,โรคไหม้ โรคขอบใบแห้ง โรคใบสีส้ม,เพลี้ยกระโดดสีน้ำตาล และแมลงบั่ว,N/A,
ขาวบ้านนา 432,Khao Bahn Nah 432,ข้าวขึ้นน้ำไวต่อช่วงแสง,N/A,N/A,14 พฤศจิกายน,N/A,ภาคกลาง ภาคตะวันออก,พื้นที่น้ำลึกในเขตที่ราบลุ่ม,218cm,449,ไวต่อแสง,N/A,โรคขอบใบแห้ง,เพลี้ยกระโดดสีน้ำตาล,N/A,
กข 19,RD19,ข้าวน้ำลึกไวต่อช่วงแสง,130,N/A,15 ธันวาคม,นาปี,ภาคกลาง,ที่ลุ่มน้ำลึกประมาณ 1 เมตร,100cm,570,ไวต่อแสง,โรคขอบใบแห้ง,N/A,เพลี้ยกระโดดสีน้ำตาล,N/A,
กข45,RD45,ข้าวน้ำลึกไวต่อช่วงแสง,170,N/A,25 ตุลาคม ถึง 2 พฤศจิกายน,N/A,ภาคกลาง ภาคตะวันออก,พื้นที่นาน้ำฝนที่มีwater_levelในนาไม่เกิน 100 เซนติเมตร,100cm,520,ไวต่อแสง,N/A,โรคไหม้,เพลี้ยกระโดดสีน้ำตาล,N/A,
หันตรา 60,Hantra 60,ข้าวน้ำลึกไวต่อช่วงแสง,155,N/A,20 – 25 ธันวาคม,N/A,ภาคกลาง,ที่ราบลุ่ม,100cm,425,N/A,โรคไหม้,โรคใบสีส้ม โรคใบขอบแห้ง,เพลี้ยกระโดดสีน้ำตาล เพลี้ยจักจั่นสีเขียว และแมลงบั่ว,N/A,
ปราจีนบุรี 1,Prachin Buri 1,ข้าวน้ำลึกไวต่อช่วงแสง,170,N/A,25 ธันวาคม,N/A,ภาคกลาง ภาคตะวันออก ภาคเหนือ,เขตที่ราบลุ่มน้ำลึกไม่เกิน 100 เซนติเมตร,100cm,450,ไวต่อแสง,โรคไหม้ในระยะกล้า โรคใบขีดโปร่งแสง,โรคใบสีส้ม,เพลี้ยจักจั่นสีเขียว เพลี้ยกระโดดสีน้ำตาล,หนอนกอ,
ปราจีนบุรี 2,Prachin Buri 2,ข้าวน้ำลึกไวต่อช่วงแสง,133-222,N/A,18-25 ธค,N/A,ภาคกลาง ภาคตะวันออก,พื้นที่ลุ่ม,100cm,846 (น้ำลึก25) 590 (ลึก100),ปกติ,โรคไหม้ โรคขอบใบแห้ง ทนน้ำท่วมได้ปานกลาง,โรคใบสีส้ม,เพลี้ยจักจั่นสีเขียว และเพลี้ยกระโดดสีน้ำตาล,N/A,
อยุธยา 1,Ayutthaya 1,ข้าวน้ำลึกไวต่อช่วงแสง,142-223 ,N/A,6-10 ธันวาคม,N/A,ภาคกลาง ภาคตะวันออก ภาคเหนือ,พื้นที่นาน้ำลึกไม่เกิน 100 cm,100cm,546(น้ำลึก 100 cm),ไวต่อแสง,โรคไหม้ โรคขอบใบแห้งและโรคใบสีส้ม,N/A,N/A,N/A,
อยุธยา 1,Ayutthaya 1,ข้าวน้ำลึกไวต่อช่วงแสง,142-223 ,N/A,6-10 ธันวาคม,N/A,ภาคกลาง ภาคตะวันออก ภาคเหนือ,พื้นที่นาน้ำลึกไม่เกิน 100 cm,100cm,842 (น้ำลึก 25 cm),ไวต่อแสง,โรคไหม้ โรคขอบใบแห้งและโรคใบสีส้ม,N/A,N/A,N/A,
กข17,RD17,ข้าวนำลึกไม่ไวต่อช่วงแสง,130,140,N/A,ปรัง,ภาคกลาง,บริเวณที่ลุ่มน้ำลึกประมาณ 1 เมตร,1 เมตร,645,ไวต่อแสง,โรคขอบใบแห้ง,NULL,เพลี้ยกระโดดสีน้ำตาล,N/A,
กู้เมืองหลวง,Goo Meuang Luang,ข้าวไร่ไวต่อช่วงแสง,155,135 - 165,N/A,นาปรัง,ภาคใต้,พื้นที่ข้าวไร่,N/A,240,N/A,โรคไหม้ โรคใบจุดสีน้ำตาล โรคใบขีดสีน้ำตาล เพลี้ยจักจั่นสีเขียว,โรคขอบใบแห้ง และโรคใบวงสีน้ำตาล,N/A,N/A,
ขาวโป่งไคร้,Khao Pong Krai,ข้าวไร่ไวต่อช่วงแสง,142,N/A,ปลายเดือนตุลาคม,N/A,N/A," สภาพที่สูงจากwater_levelทะเลปานกลาง ประมาณ 800 – 1,250 เมตร",N/A,243,,โรคไหม้ โรคขอบใบแห้ง,โรคใบสีส้ม โรคใบหงิก โรคเขียวเตี้ย โรคหู,เพลี้ยนกระโดดสีน้ำตาล และ แมลงบั่ว,N/A,
เจ้าฮ่อ,Jow Haw,ข้าวไร่ไวต่อช่วงแสง,134,N/A,ปลายเดือนตุลาคม,N/A,ภาคกลาง ภาคตะวันออก,"สภาพไร่พื้นราบ และสภาพไร่เชิงเขา ไม่เกิน 1,000 เมตร จากwater_levelทะเลปานกลาง",N/A,210,ไวต่อแสง,โรคไหม้ และโรคหูด,โรคขอบใบแห้ง โรคใบสีส้ม โรคใบหงิก โรคเขียวเตี้ย,แมลงบั่ว และเพลี้ยกระโดดสีน้ำตาล,N/A,
ซิวแม่จัน,Sew Mae Jan,ข้าวไร่ไวต่อช่วงแสง,110 - 150,N/A,ปลายเดืือนกันยายน - กลางเดือนตุลาคม,N/A,ภาคเหนือ ภาคตะวันออกเฉียงเหนือ,พื้นที่ข้้าวไร่ ข้าวนาสวน,N/A,456,อย่างอ่อน,โรคไหม้,โรคเน่าคอรวง,แมลงบั่ว,N/A,
ดอกพะยอม,Dawk Pa-yawm,ข้าวไร่ไวต่อช่วงแสง,150,N/A,ปลูกต้นเดือนมิถุนายนเกี่ยว ปลายเดือนตุลาคม ปลูกปลายเดือนสิงหาคมเกี่ยวปลายเดือนมกราคม,N/A,ภาคใต้,พื้นที่ข้าวไร่่,N/A,250,อย่่างอื่อน,โรคไหม้้ โรคใบจุดสีน้ำตาล โรคขีดสีน้ำตาล,โรคขอบใบแห้ง โรคใบวงสีน้ำตาล,N/A,N/A,
น้ำรู,Nam Roo,ข้าวไร่ไวต่อช่วงแสง,141,N/A,ปลูกในระดับ height 1100-1250 เมตร จาก water_lvel ทะเลี่ยวเกี่ยวกลางเดือนตุลาคม,N/A,N/A,ไร่ในที่สูง ระดับตั้งแต่ 1000 - 1400 เมตร จากwater_levelทะเลปานกลาง,N/A,246,อย่างอ่อน,โรคเมล็ดด่าง โรคไหม้,โรคขอบใบแห้้ง โรคใบสีส้ม โรคใบหงิก โรคเขียวเตี้ย โรคหูด โรคเน่าคอรวง,เพลี้ยกระโดดสีน้ำตาล,N/A,
เจ้าลีซอสันป่าตอง,Jow Lisaw San-pah-tawng,ข้าวไร่ไวต่อช่วงแสง,145,N/A,16 ตุลาคม,N/A,N/A,ที่ราบและสูงไม่เกิน 1000 เมตร เหนือ water_levelทะเล,N/A,391,ปกติ,โรคไหม้,N/A,เพลี้ยกระโดดหลังขาว,N/A,
เจ้าขาวเชียงใหม่,Jow Khao Chiangmai,ข้าวไร่ไวต่อช่วงแสง,145,N/A,เก็บเกี่ยวประมาณวันที่  20 ตุลาคม,N/A,ภาคเหนือ,พื้นที่สภาพไร่ในภาคเหนือตอนบน,ระดับ height 800 - 1250 เมตร จาก water_lvelทะเลปานกลาง,"เฉลี่ย 350 Kilogram/1600 Sq Mts เมื่อปลูกในพื้นที่ระดับheightไม่เกิน 1,000 เมตรจากwater_levelทะเลปานกลาง และ 389 Kilogram/1600 Sq Mts เมื่อปลูกในพื้นที่ระดับheight 1,000 – 1,300 เมตร จากwater_levelทะเลปานกลาง",ไวต่อแสง,N/A,N/A,เพลี้ยกระโดหลังขาว,N/A,
ข้าวเหนียวลืมผัว,Leum Pua,ข้าวไร่ไวต่อช่วงแสง,151,N/A,กลางเดือนตุลา,N/A,ภาคตะวันตก,สภาพไร่่ที่มีความอุดมสมบูรณ์ของดินดี,ระดับheightประมาณ 400-800 เมตรจากwater_levelทะเลปานกลาง,N/A,ไวต่อแสง,N/A,โรคไหม้ และ โรคขอบใบแห้ง,เพลี้ยกระโดสีนำตาล และเพลี้ยกระโดดหลังขาว,N/A,
อาร์ 258,R258,ข้าวไร่ไม่ไวต่อช่วงแสง,127,N/A,106-134 วัน, ปลูกได้ทั้งนาปี และนาปรัง,ภาคเหนือ ภาคตะวันออกเฉียงเหนือ,สภาพพื้นที่ดอน ที่ฝนหยุดเร็ว และค่อนข้างแห้งแล้ง,N/A,252,ไม่ไวต่อแสง,ใบไหม้,ขอบใบแห้ง โรคใบสีส้ม โรคใบหงิก โรคเขียวเตี้ย โรคหูด,ไม่ต้านทานเพลี้ยกระโดดสีน้ำตาล และแมลงบั่ว,N/A,
ข้าวหอมแดง,Red Hawn Rice,ข้าวแดงไวต่อช่วงแสง,120-130,N/A,20 พฤศจิกายน,N/A,N/A,ควรปลูกในพื้นที่เฉพาะ,N/A,643,ไวต่อแสง,โรคไหม้,โรคใบสีส้ม โรคขอบใบแห้ง และโรคใบขีดโปร่งแสง,N/A,เพลี้ยกระโดดสีน้ำตาล ในสภาพธรรมชาติได้ดี,
สังข์หยดพัทลุง,Sang Yod Phattalung,ข้าวแดงไวต่อช่วงแสง,N/A,N/A,10 กุมภาพันธ์,นาปี,ภาคใต้,นาปีจังหวัดพัทลุง,N/A,330,ไวต่อแสงอ่อน,N/A,โรคไหม้,N/A,N/A,
ข้าวหอมกุหลาบแดง,Red Rose Rice,ข้าวแดงไม่ไวต่อช่วงแสง,90-100,123,N/A,N/A,N/A,ควรปลูกในพื้นที่เฉพาะ เพื่อป้องกันปัญหาเมล็ดปะปนกับข้าวขาว,N/A,750,ไม่ไวต่อเเสง,N/A,โรคไหม้ และโรคขอบใบแห้ง,เพลี้ยกระโดดสีน้ำตาล,N/A,
กวก. 1,Khao’ Yipun DOA1,ข้าวญี่ปุ่น,88,120,N/A,N/A,ภาคเหนือตอนบน ภาคเหนือตอนล่าง ภาคตะวันออกเฉียงเหนือ,,N/A,718,ไม่ไวต่อเเสง,N/A,โรคไหม้ โรคขอบใบแห้ง และโรคใบสีส้ม,เพลี้ยกระโดดสีน้ำตาล เพลี้ยจักจั่นสีเขียว และเพลี้ยกระโดดหลังขาว,N/A,
กวก. 2,Khao’Yipun DOA2,ข้าวญี่ปุ่น,80,117,N/A,N/A,ภาคเหนือตอนบน  ,N/A,N/A,707,ไม่ไวต่อแสง,N/A,โรคไหม้ โรคขอบใบแห้ง และโรคใบสีส้ม,เพลี้ยกระโดดสีน้ำตาล เพลี้ยจักจั่นสีเขียว และเพลี้ยกระโดดหลังขาว,N/A,
สะเมิง 1,Samerng 1,ข้าวบาร์เลย์,70,120,N/A,N/A,ภาคเหนือ,N/A,N/A,270,N/A,N/A,โรคใบจุดสีน้ำตาล และโรคไหม้,N/A,N/A,
สะเมิง 2,Samerng 2,ข้าวบาร์เลย์,75,125,N/A,N/A,ภาคเหนือ,N/A,N/A,300,N/A,N/A,โรคใบจุดสีน้ำตาล และโรคไหม้,N/A,N/A,
ซีพี 304,CP 304,ข้าวลูกผสม,102-104,103-104,N/A,N/A,N/A,พื้นที่นาชลประทานที่เกษตรกรมีความพร้อมและดินอุดมสมบูรณ์,N/A,938,ไม่ไวต่อแสง,โรคไหม้,โรคขอบใบแห้ง โรคใบหงิก โรคใบขีดสีน้ำตาล โรคใบสีส้ม และโรคไหม้,เพลี้ยกระโดดสีน้ำตาล,N/A,
กขผ 1,RDH 1,ข้าวลูกผสม,116,115,N/A,N/A,ภาคกลาง ภาคเหนือตอนล่าง,พื้นที่ชลประทาน,N/A,1006,ไม่ไวต่อแสง,N/A,โรคขอบใบแห้ง และโรคไหม้,เพลี้ี้ยกระโดดสีน้ำตาล,N/A,
กขผ3,RDP3,ข้าวลูกผสม,117,110-116,N/A,N/A,ภาคกลาง,นาชลประทาน,N/A,1415,ไม่ไวต่อแสง,โรคไหม้,โรคขอบใบแห้ง,เพลี้ยกระโดดสีน้ำตาล,เพลี้ยกระโดดหลังขาว,
สะเมิง 1,Samerng 1,ข้าวสาลี, 80 – 90,115,N/A,N/A,ภาคเหนือ,N/A,N/A,330,N/A,ราสนิมใบปานกลาง,์N/A,N/A,N/A,
สะเมิง 2,Samerng 2,ข้าวสาลี,70,110,N/A,นาปรัง,ภาคเหนือ ,สามารถปรับตัวเข้ากับสภาพแวดล้อมได้ดี,N/A,450,N/A,N/A,N/A,N/A,N/A,
แพร่ 60,Phrae 60,ข้าวสาลี,85,97,N/A,N/A,ภาคเหนือ ภาคตะวันออกเฉียงเหนือ,เจริญเติบโตได้ดีในดินที่มีความอุดมสมบูรณ์ต่ำ,N/A,285,N/A,N/A,N/A,N/A,N/A,
ฝาง 60,Fahng 60,ข้าวสาลี,85-95,95,N/A,N/A,ภาคเหนือ ภาคตะวันออกเฉียงเหนือ,ช่วงฤดูหนาวสั้น อากาศร้อนเร็ว และค่อนข้างแห้งแล้ง,N/A,280,N/A,ราสนิมใบปานกลาง,N/A,N/A,N/A,
